{"cameraMode":{"drawMode":0,"name":"Shaded","section":"Shading Mode"},"sceneLighting":true,"audioPlay":false,"sceneViewState":{"showFog":true,"showMaterialUpdate":false,"showSkybox":true,"showFlares":true,"showImageEffects":true,"showParticleSystems":true},"in2DMode":false,"pivot":{"x":-384.6663818359375,"y":-136.89495849609376,"z":-411.94171142578127},"rotation":{"x":0.14316192269325257,"y":-0.4968408942222595,"z":0.08349734544754029,"w":0.851872980594635},"size":322.3331298828125,"orthographic":false}