{"cameraMode":{"drawMode":0,"name":"Shaded","section":"Shading Mode"},"sceneLighting":true,"audioPlay":false,"sceneViewState":{"showFog":true,"showMaterialUpdate":false,"showSkybox":true,"showFlares":true,"showImageEffects":true,"showParticleSystems":true},"in2DMode":false,"pivot":{"x":-8.979557037353516,"y":5.071876525878906,"z":13.89471435546875},"rotation":{"x":0.10476057976484299,"y":-0.7773480415344238,"z":0.1344856321811676,"w":0.6055394411087036},"size":27.52165985107422,"orthographic":false}