{"cameraMode":{"drawMode":0,"name":"Shaded","section":"Shading Mode"},"sceneLighting":true,"audioPlay":false,"sceneViewState":{"showFog":true,"showMaterialUpdate":false,"showSkybox":true,"showFlares":true,"showImageEffects":true,"showParticleSystems":true},"in2DMode":false,"pivot":{"x":175.37513732910157,"y":-78.29397583007813,"z":-209.02252197265626},"rotation":{"x":-0.0394509918987751,"y":0.9589091539382935,"z":-0.1679600179195404,"w":-0.22523418068885804},"size":255.510498046875,"orthographic":false}