{"cameraMode":{"drawMode":0,"name":"Shaded","section":"Shading Mode"},"sceneLighting":true,"audioPlay":false,"sceneViewState":{"showFog":true,"showMaterialUpdate":false,"showSkybox":true,"showFlares":true,"showImageEffects":true,"showParticleSystems":true},"in2DMode":false,"pivot":{"x":-114.18434143066406,"y":138.5208282470703,"z":-99.74044036865235},"rotation":{"x":0.03158789500594139,"y":0.45028695464134219,"z":0.015943113714456559,"w":-0.8921919465065002},"size":455.5440673828125,"orthographic":false}